db,con,file,con_description,filename_deg,filename_ref,source,lang,votes,mos,noi,col,dis,loud,noi_std,col_std,dis_std,loud_std,mos_std,filepath_deg,filepath_ref
NISQA_TEST_FOR,1.0,1.0,Anchor: Fullband clean,c00001_for_cnv_m_0103_01.wav,for_cnv_m_0103_01.wav,FOR,en,26.0,4.34615384615385,4.3141584769230805,4.18940323076923,4.40505046153846,4.39760449230769,0.713026694945518,0.784719596022817,0.616300185602015,0.6470637770228671,0.79711016514947,NISQA_TEST_FOR/deg/c00001_for_cnv_m_0103_01.wav,NISQA_TEST_FOR/ref/for_cnv_m_0103_01.wav
NISQA_TEST_FOR,1.0,2.0,Anchor: Fullband clean,c00001_for_cnv_m_1035_02.wav,for_cnv_m_1035_02.wav,FOR,en,31.0,4.51612903225806,4.32511030322581,4.2908180451612905,4.14604511612903,4.35902383225806,0.563134681830722,0.6510414140625721,0.8421910189916558,0.670295663655614,0.5698518954918891,NISQA_TEST_FOR/deg/c00001_for_cnv_m_1035_02.wav,NISQA_TEST_FOR/ref/for_cnv_m_1035_02.wav
NISQA_TEST_FOR,1.0,3.0,Anchor: Fullband clean,c00001_for_cnv_f_0104_02.wav,for_cnv_f_0104_02.wav,FOR,en,28.0,4.321428571428569,4.42356434285714,4.25278026428571,3.9688750142857097,4.33360653571429,0.6837927437416689,0.935352161068093,1.19950621461039,0.915959705365233,0.772373514927102,NISQA_TEST_FOR/deg/c00001_for_cnv_f_0104_02.wav,NISQA_TEST_FOR/ref/for_cnv_f_0104_02.wav
